review_text,label,label_text,ground_truth,predicted_sentiment,latency_seconds
contradicts everything we 've come to expect from movies nowadays .,3,positive,POSITIVE,UNKNOWN,0.0
"should n't have been allowed to use the word `` new '' in its title , because there 's not an original character , siuation or joke in the entire movie .",0,very negative,VERY NEGATIVE,UNKNOWN,0.0
"it 's good , hard-edged stuff , violent and a bit exploitative but also nicely done , morally alert and street-smart .",3,positive,POSITIVE,UNKNOWN,0.0
coal is n't as easy to come by as it used to be and this would be a worthy substitute for naughty children 's stockings .,1,negative,NEGATIVE,UNKNOWN,0.0
the film is strictly routine .,1,negative,NEGATIVE,UNKNOWN,0.0
"if you answered yes , by all means enjoy the new guy .",3,positive,POSITIVE,UNKNOWN,0.0
"for those of an indulgent , slightly sunbaked and summery mind , sex and lucia may well prove diverting enough .",3,positive,POSITIVE,UNKNOWN,0.0
"... a fascinating curiosity piece -- fascinating , that is , for about ten minutes .",1,negative,NEGATIVE,UNKNOWN,0.0
"cold , sterile and lacking any color or warmth .",0,very negative,VERY NEGATIVE,UNKNOWN,0.0
"while general audiences might not come away with a greater knowledge of the facts of cuban music , they 'll be treated to an impressive and highly entertaining celebration of its sounds .",4,very positive,VERY POSITIVE,UNKNOWN,0.0
"it 's a frightful vanity film that , no doubt , pays off what debt miramax felt they owed to benigni .",0,very negative,VERY NEGATIVE,UNKNOWN,0.0
the film never finds its tone and several scenes run too long .,1,negative,NEGATIVE,UNKNOWN,0.0
"a strong first act and absolutely , inescapably gorgeous , skyscraper-trapeze motion of the amazing spider-man .",4,very positive,VERY POSITIVE,UNKNOWN,0.0
never capitalizes on this concept and opts for the breezy and amateurish feel of an after school special on the subject of tolerance .,0,very negative,VERY NEGATIVE,UNKNOWN,0.0
"these characters are so well established that the gang feels comfortable with taking insane liberties and doing the goofiest stuff out of left field , and i 'm all for that .",3,positive,POSITIVE,UNKNOWN,0.0
a solidly entertaining little film .,3,positive,POSITIVE,UNKNOWN,0.0
it 's anchored by splendid performances from an honored screen veteran and a sparkling newcomer who instantly transform themselves into a believable mother\/daughter pair .,4,very positive,VERY POSITIVE,UNKNOWN,0.0
"the characters are so generic and the plot so bland that even as rogue cia assassins working for chris cooper 's agency boss close in on the resourceful amnesiac , we do n't feel much for damon\/bourne or his predicament .",0,very negative,VERY NEGATIVE,UNKNOWN,0.0
"it 's an entertaining movie , and the effects , boosted to the size of a downtown hotel , will all but take you to outer space .",3,positive,POSITIVE,UNKNOWN,0.0
"unfolds with such a wallop of you-are-there immediacy that when the bullets start to fly , your first instinct is to duck .",4,very positive,VERY POSITIVE,UNKNOWN,0.0
begins like a docu-drama but builds its multi-character story with a flourish .,4,very positive,VERY POSITIVE,UNKNOWN,0.0
"the best comedy concert movie i 've seen since cho 's previous concert comedy film , i 'm the one that i want , in 2000 .",4,very positive,VERY POSITIVE,UNKNOWN,0.0
ruh-roh !,2,neutral,NEUTRAL,UNKNOWN,0.0
"by the end of the movie , you 're definitely convinced that these women are spectacular .",3,positive,POSITIVE,UNKNOWN,0.0
"in all the annals of the movies , few films have been this odd , inexplicable and unpleasant .",0,very negative,VERY NEGATIVE,UNKNOWN,0.0
"ms. seigner and mr. serrault bring fresh , unforced naturalism to their characters .",4,very positive,VERY POSITIVE,UNKNOWN,0.0
"it 's a fine , focused piece of work that reopens an interesting controversy and never succumbs to sensationalism .",4,very positive,VERY POSITIVE,UNKNOWN,0.0
"once again , the intelligence of gay audiences has been grossly underestimated , and a meaty plot and well-developed characters have been sacrificed for skin and flash that barely fizzle .",2,neutral,NEUTRAL,UNKNOWN,0.0
"they presume their audience wo n't sit still for a sociology lesson , however entertainingly presented , so they trot out the conventional science-fiction elements of bug-eyed monsters and futuristic women in skimpy clothes .",1,negative,NEGATIVE,UNKNOWN,0.0
"ambitious , unsettling psychodrama that takes full , chilling advantage of its rough-around-the-edges , low-budget constraints .",3,positive,POSITIVE,UNKNOWN,0.0
"it 's no surprise that as a director washington demands and receives excellent performances , from himself and from newcomer derek luke .",4,very positive,VERY POSITIVE,UNKNOWN,0.0
i could n't recommend this film more .,3,positive,POSITIVE,UNKNOWN,0.0
"the kind of movie that comes along only occasionally , one so unconventional , gutsy and perfectly executed it takes your breath away .",4,very positive,VERY POSITIVE,UNKNOWN,0.0
"shatner is probably the funniest person in the film , which gives you an idea just how bad it was .",1,negative,NEGATIVE,UNKNOWN,0.0
and it 's a lousy one at that .,0,very negative,VERY NEGATIVE,UNKNOWN,0.0
leigh makes these lives count .,3,positive,POSITIVE,UNKNOWN,0.0
compellingly watchable .,4,very positive,VERY POSITIVE,UNKNOWN,0.0
men in black ii achieves ultimate insignificance -- it 's the sci-fi comedy spectacle as whiffle-ball epic .,0,very negative,VERY NEGATIVE,UNKNOWN,0.0
"many shallower movies these days seem too long , but this one is egregiously short .",2,neutral,NEUTRAL,UNKNOWN,0.0
most of the storylines feel like time fillers between surf shots .,0,very negative,VERY NEGATIVE,UNKNOWN,0.0
"she is a lioness , protecting her cub , and he a reluctant villain , incapable of controlling his crew .",3,positive,POSITIVE,UNKNOWN,0.0
there 's no disguising this as one of the worst films of the summer .,0,very negative,VERY NEGATIVE,UNKNOWN,0.0
"with an obvious rapport with her actors and a striking style behind the camera , hélène angel is definitely a director to watch .",4,very positive,VERY POSITIVE,UNKNOWN,0.0
a cockeyed shot all the way .,1,negative,NEGATIVE,UNKNOWN,0.0
it 's a drag how nettelbeck sees working women -- or at least this working woman -- for whom she shows little understanding .,0,very negative,VERY NEGATIVE,UNKNOWN,0.0
highly uneven and inconsistent ... margarita happy hour kinda resembles the el cheapo margaritas served within .,0,very negative,VERY NEGATIVE,UNKNOWN,0.0
final verdict : you 've seen it all before .,0,very negative,VERY NEGATIVE,UNKNOWN,0.0
the master of disguise is awful .,0,very negative,VERY NEGATIVE,UNKNOWN,0.0
could i have been more geeked when i heard that apollo 13 was going to be released in imax format ?,4,very positive,VERY POSITIVE,UNKNOWN,0.0
there 's not one decent performance from the cast and not one clever line of dialogue .,0,very negative,VERY NEGATIVE,UNKNOWN,0.0
stay away .,0,very negative,VERY NEGATIVE,UNKNOWN,0.0
"the plot has a number of holes , and at times it 's simply baffling .",1,negative,NEGATIVE,UNKNOWN,0.0
"an inexperienced director , mehta has much to learn .",1,negative,NEGATIVE,UNKNOWN,0.0
"not only does spider-man deliver , but i suspect it might deliver again and again .",4,very positive,VERY POSITIVE,UNKNOWN,0.0
"not only does leblanc make one spectacularly ugly-looking broad , but he appears miserable throughout as he swaggers through his scenes .",1,negative,NEGATIVE,UNKNOWN,0.0
"the biggest problem with roger avary 's uproar against the mpaa is that , even in all its director 's cut glory , he 's made a film that 's barely shocking , barely interesting and most of all , barely anything .",0,very negative,VERY NEGATIVE,UNKNOWN,0.0
contrived pastiche of caper clichés .,1,negative,NEGATIVE,UNKNOWN,0.0
"lots of effort and intelligence are on display but in execution it is all awkward , static , and lifeless rumblings .",0,very negative,VERY NEGATIVE,UNKNOWN,0.0
"you end up simply admiring this bit or that , this performance or that .",2,neutral,NEUTRAL,UNKNOWN,0.0
"the effort is sincere and the results are honest , but the film is so bleak that it 's hardly watchable .",0,very negative,VERY NEGATIVE,UNKNOWN,0.0
"hashiguchi covers this territory with wit and originality , suggesting that with his fourth feature -- the first to be released in the u.s. -- a major director is emerging in world cinema .",4,very positive,VERY POSITIVE,UNKNOWN,0.0
kaufman and jonze take huge risks to ponder the whole notion of passion -- our desire as human beings for passion in our lives and the emptiness one feels when it is missing .,2,neutral,NEUTRAL,UNKNOWN,0.0
"it 's a square , sentimental drama that satisfies , as comfort food often can .",3,positive,POSITIVE,UNKNOWN,0.0
"it 's refreshing that someone understands the need for the bad boy ; diesel , with his brawny frame and cool , composed delivery , fits the bill perfectly .",4,very positive,VERY POSITIVE,UNKNOWN,0.0
a cheap scam put together by some cynical creeps at revolution studios and imagine entertainment to make the suckers out there surrender $ 9 and 93 minutes of unrecoverable life .,0,very negative,VERY NEGATIVE,UNKNOWN,0.0
but the movie that does n't really deliver for country music fans or for family audiences,0,very negative,VERY NEGATIVE,UNKNOWN,0.0
"not only better than its predecessor , it may rate as the most magical and most fun family fare of this or any recent holiday season .",4,very positive,VERY POSITIVE,UNKNOWN,0.0
suffers from a lack of clarity and audacity that a subject as monstrous and pathetic as dahmer demands .,0,very negative,VERY NEGATIVE,UNKNOWN,0.0
warmed-over hash .,2,neutral,NEUTRAL,UNKNOWN,0.0
a flawed but engrossing thriller .,3,positive,POSITIVE,UNKNOWN,0.0
"the filmmakers want nothing else than to show us a good time , and in their cheap , b movie way , they succeed .",3,positive,POSITIVE,UNKNOWN,0.0
its spirit of iconoclastic abandon -- however canned -- makes for unexpectedly giddy viewing .,3,positive,POSITIVE,UNKNOWN,0.0
"though excessively tiresome , the uncertainty principle , as verbally pretentious as the title may be , has its handful of redeeming features , as long as you discount its ability to bore .",2,neutral,NEUTRAL,UNKNOWN,0.0
"it may not be history -- but then again , what if it is ?",2,neutral,NEUTRAL,UNKNOWN,0.0
"it is as uncompromising as it is nonjudgmental , and makes clear that a prostitute can be as lonely and needy as any of the clients .",3,positive,POSITIVE,UNKNOWN,0.0
"may be more genial than ingenious , but it gets the job done .",3,positive,POSITIVE,UNKNOWN,0.0
"bacon keeps things interesting , but do n't go out of your way to pay full price .",2,neutral,NEUTRAL,UNKNOWN,0.0
"a ` girls gone wild ' video for the boho art-house crowd , the burning sensation is n't a definitive counter-cultural document -- its makers are n't removed and inquisitive enough for that .",0,very negative,VERY NEGATIVE,UNKNOWN,0.0
this is an interesting movie ! '',4,very positive,VERY POSITIVE,UNKNOWN,0.0
give credit to everyone from robinson down to the key grip that this bold move works .,4,very positive,VERY POSITIVE,UNKNOWN,0.0
` opening up ' the play more has partly closed it down .,1,negative,NEGATIVE,UNKNOWN,0.0
"this movie , a certain scene in particular , brought me uncomfortably close to losing my lunch .",0,very negative,VERY NEGATIVE,UNKNOWN,0.0
takes a simple premise and carries it to unexpected heights .,4,very positive,VERY POSITIVE,UNKNOWN,0.0
"high crimes carries almost no organic intrigue as a government \/ marine\/legal mystery , and that 's because the movie serves up all of that stuff , nearly subliminally , as the old-hat province of male intrigue .",1,negative,NEGATIVE,UNKNOWN,0.0
"though a touch too arthouse 101 in its poetic symbolism , heaven proves to be a good match of the sensibilities of two directors .",3,positive,POSITIVE,UNKNOWN,0.0
a mean-spirited film made by someone who surely read the catcher in the rye but clearly suffers from dyslexia,0,very negative,VERY NEGATIVE,UNKNOWN,0.0
i have to admit that i am baffled by jason x.,1,negative,NEGATIVE,UNKNOWN,0.0
"admirers of director abel ferrara may be relieved that his latest feature , r xmas , marks a modest if encouraging return to form .",4,very positive,VERY POSITIVE,UNKNOWN,0.0
the movie is so thoughtlessly assembled .,3,positive,POSITIVE,UNKNOWN,0.0
the most anti-human big studio picture since 3000 miles to graceland .,2,neutral,NEUTRAL,UNKNOWN,0.0
more good than great but freeman and judd make it work .,3,positive,POSITIVE,UNKNOWN,0.0
australian filmmaker david flatman uses the huge-screen format to make an old-fashioned nature film that educates viewers with words and pictures while entertaining them .,4,very positive,VERY POSITIVE,UNKNOWN,0.0
"there is little question that this is a serious work by an important director who has something new to say about how , in the flip-flop of courtship , we often reel in when we should be playing out .",3,positive,POSITIVE,UNKNOWN,0.0
"the wonderfully lush morvern callar is pure punk existentialism , and ms. ramsay and her co-writer , liana dognini , have dramatized the alan warner novel , which itself felt like an answer to irvine welsh 's book trainspotting .",3,positive,POSITIVE,UNKNOWN,0.0
"a triumph , a film that hews out a world and carries us effortlessly from darkness to light .",4,very positive,VERY POSITIVE,UNKNOWN,0.0
"this amiable picture talks tough , but it 's all bluster -- in the end it 's as sweet as greenfingers ...",3,positive,POSITIVE,UNKNOWN,0.0
"confuses its message with an ultimate desire to please , and contorting itself into an idea of expectation is the last thing any of these three actresses , nor their characters , deserve .",0,very negative,VERY NEGATIVE,UNKNOWN,0.0
... overly melodramatic ...,0,very negative,VERY NEGATIVE,UNKNOWN,0.0
"a colorful , joyous celebration of life ; a tapestry woven of romance , dancing , singing , and unforgettable characters .",4,very positive,VERY POSITIVE,UNKNOWN,0.0
"the film is like sitting in a downtown café , overhearing a bunch of typical late-twenty-somethings natter on about nothing , and desperately wishing you could change tables .",0,very negative,VERY NEGATIVE,UNKNOWN,0.0
if only there were one for this kind of movie .,2,neutral,NEUTRAL,UNKNOWN,0.0
"for devotees of french cinema , safe conduct is so rich with period minutiae it 's like dying and going to celluloid heaven .",4,very positive,VERY POSITIVE,UNKNOWN,0.0
as pedestrian as they come .,0,very negative,VERY NEGATIVE,UNKNOWN,0.0
a metaphor for a modern-day urban china searching for its identity .,3,positive,POSITIVE,UNKNOWN,0.0
it treats ana 's journey with honesty that is tragically rare in the depiction of young women in film .,3,positive,POSITIVE,UNKNOWN,0.0
it shows that some studios firmly believe that people have lost the ability to think and will forgive any shoddy product as long as there 's a little girl-on-girl action .,0,very negative,VERY NEGATIVE,UNKNOWN,0.0
jonathan parker 's bartleby should have been the be-all-end-all of the modern-office anomie films .,3,positive,POSITIVE,UNKNOWN,0.0
"unofficially , national lampoon 's van wilder is son of animal house .",2,neutral,NEUTRAL,UNKNOWN,0.0
playing a role of almost bergmanesque intensity ... bisset is both convincing and radiant .,3,positive,POSITIVE,UNKNOWN,0.0
"you can taste it , but there 's no fizz .",1,negative,NEGATIVE,UNKNOWN,0.0
"sandra bullock , despite downplaying her good looks , carries a little too much ai n't - she-cute baggage into her lead role as a troubled and determined homicide cop to quite pull off the heavy stuff .",1,negative,NEGATIVE,UNKNOWN,0.0
"but the nerve-raked acting , the crackle of lines , the impressive stagings of hardware , make for some robust and scary entertainment .",4,very positive,VERY POSITIVE,UNKNOWN,0.0
"the woodman seems to have directly influenced this girl-meets-girl love story , but even more reassuring is how its makers actually seem to understand what made allen 's romantic comedies so pertinent and enduring .",3,positive,POSITIVE,UNKNOWN,0.0
"with a completely predictable plot , you 'll swear that you 've seen it all before , even if you 've never come within a mile of the longest yard .",0,very negative,VERY NEGATIVE,UNKNOWN,0.0
"finely crafted , finely written , exquisitely performed",4,very positive,VERY POSITIVE,UNKNOWN,0.0
i ca n't remember the last time i saw a movie where i wanted so badly for the protagonist to fail .,2,neutral,NEUTRAL,UNKNOWN,0.0
count on his movie to work at the back of your neck long after you leave the theater .,2,neutral,NEUTRAL,UNKNOWN,0.0
"frida is certainly no disaster , but neither is it the kahlo movie frida fans have been looking for .",2,neutral,NEUTRAL,UNKNOWN,0.0
"i could just feel the screenwriter at every moment ` tap , tap , tap , tap , tapping away ' on this screenplay .",1,negative,NEGATIVE,UNKNOWN,0.0
not even felinni would know what to make of this italian freakshow .,0,very negative,VERY NEGATIVE,UNKNOWN,0.0
greengrass -lrb- working from don mullan 's script -rrb- forgoes the larger socio-political picture of the situation in northern ireland in favour of an approach that throws one in the pulsating thick of a truly frightening situation .,2,neutral,NEUTRAL,UNKNOWN,0.0
that the film opens with maggots crawling on a dead dog is not an out of place metaphor .,1,negative,NEGATIVE,UNKNOWN,0.0
poignant if familiar story of a young person suspended between two cultures .,3,positive,POSITIVE,UNKNOWN,0.0
"it does n't really know or care about the characters , and uses them as markers for a series of preordained events .",1,negative,NEGATIVE,UNKNOWN,0.0
it 's just a little too self-satisfied .,2,neutral,NEUTRAL,UNKNOWN,0.0
it 's been 20 years since 48 hrs .,2,neutral,NEUTRAL,UNKNOWN,0.0
what elevates the movie above the run-of-the-mill singles blender is its surreal sense of humor and technological finish .,4,very positive,VERY POSITIVE,UNKNOWN,0.0
one of -lrb- jaglom 's -rrb- better efforts -- a wry and sometime bitter movie about love .,2,neutral,NEUTRAL,UNKNOWN,0.0
"this bond film goes off the beaten path , not necessarily for the better .",1,negative,NEGATIVE,UNKNOWN,0.0
"like its parade of predecessors , this halloween is a gory slash-fest .",3,positive,POSITIVE,UNKNOWN,0.0
like a can of 2-day old coke .,0,very negative,VERY NEGATIVE,UNKNOWN,0.0
gooding offers a desperately ingratiating performance .,1,negative,NEGATIVE,UNKNOWN,0.0
it 's refreshing to see a movie that embraces its old-fashioned themes and in the process comes out looking like something wholly original .,4,very positive,VERY POSITIVE,UNKNOWN,0.0
cynics need not apply . ',2,neutral,NEUTRAL,UNKNOWN,0.0
this is no `` waterboy ! '',1,negative,NEGATIVE,UNKNOWN,0.0
that such a horrible movie could have sprung from such a great one is one of the year 's worst cinematic tragedies .,0,very negative,VERY NEGATIVE,UNKNOWN,0.0
i 'm giving it thumbs down due to the endlessly repetitive scenes of embarrassment .,1,negative,NEGATIVE,UNKNOWN,0.0
"offers no new insight on the matter , nor do its characters exactly spring to life .",0,very negative,VERY NEGATIVE,UNKNOWN,0.0
"... a plotline that 's as lumpy as two-day old porridge ... the filmmakers ' paws , sad to say , were all over this `` un-bear-able '' project !",0,very negative,VERY NEGATIVE,UNKNOWN,0.0
"but when it does , you 're entirely unprepared .",2,neutral,NEUTRAL,UNKNOWN,0.0
"what we have is a character faced with the possibility that her life is meaningless , vapid and devoid of substance , in a movie that is definitely meaningless , vapid and devoid of substance .",0,very negative,VERY NEGATIVE,UNKNOWN,0.0
"you might say tykwer has done all that heaven allows , if you wanted to make as anti-kieslowski a pun as possible .",2,neutral,NEUTRAL,UNKNOWN,0.0
a powerful performance from mel gibson and a brutal 90-minute battle sequence that does everything but issue you a dog-tag and an m-16 .,4,very positive,VERY POSITIVE,UNKNOWN,0.0
a lame comedy .,0,very negative,VERY NEGATIVE,UNKNOWN,0.0
new yorkers always seem to find the oddest places to dwell ...,2,neutral,NEUTRAL,UNKNOWN,0.0
earnest but heavy-handed .,2,neutral,NEUTRAL,UNKNOWN,0.0
"oversexed , at times overwrought comedy\/drama that offers little insight into the experience of being forty , female and single .",0,very negative,VERY NEGATIVE,UNKNOWN,0.0
but ` why ? ',2,neutral,NEUTRAL,UNKNOWN,0.0
now he makes them .,2,neutral,NEUTRAL,UNKNOWN,0.0
my little eye is the best little `` horror '' movie i 've seen in years .,4,very positive,VERY POSITIVE,UNKNOWN,0.0
an ugly-duckling tale so hideously and clumsily told it feels accidental .,0,very negative,VERY NEGATIVE,UNKNOWN,0.0
with its parade of almost perpetually wasted characters ... margarita feels like a hazy high that takes too long to shake .,1,negative,NEGATIVE,UNKNOWN,0.0
... a weak and ineffective ghost story without a conclusion or pay off .,0,very negative,VERY NEGATIVE,UNKNOWN,0.0
"if you 're over 25 , have an iq over 90 , and have a driver 's license , you should be able to find better entertainment .",0,very negative,VERY NEGATIVE,UNKNOWN,0.0
"if you like quirky , odd movies and\/or the ironic , here 's a fun one .",4,very positive,VERY POSITIVE,UNKNOWN,0.0
"even though it 's common knowledge that park and his founding partner , yong kang , lost kozmo in the end , you ca n't help but get caught up in the thrill of the company 's astonishing growth .",3,positive,POSITIVE,UNKNOWN,0.0
"without shakespeare 's eloquent language , the update is dreary and sluggish .",0,very negative,VERY NEGATIVE,UNKNOWN,0.0
this is amusing for about three minutes .,2,neutral,NEUTRAL,UNKNOWN,0.0
"the film is moody , oozing , chilling and heart-warming all at once ... a twisting , unpredictable , cat-and-mouse thriller .",4,very positive,VERY POSITIVE,UNKNOWN,0.0
the movie is a desperate miscalculation .,0,very negative,VERY NEGATIVE,UNKNOWN,0.0
a wretched movie that reduces the second world war to one man 's quest to find an old flame .,1,negative,NEGATIVE,UNKNOWN,0.0
"though jackson does n't always succeed in integrating the characters in the foreground into the extraordinarily rich landscape , it must be said that he is an imaginative filmmaker who can see the forest for the trees .",3,positive,POSITIVE,UNKNOWN,0.0
one of the year 's most weirdly engaging and unpredictable character pieces .,4,very positive,VERY POSITIVE,UNKNOWN,0.0
"the movie is almost completely lacking in suspense , surprise and consistent emotional conviction .",0,very negative,VERY NEGATIVE,UNKNOWN,0.0
raimi and his team could n't have done any better in bringing the story of spider-man to the big screen .,4,very positive,VERY POSITIVE,UNKNOWN,0.0
"peralta captures , in luminous interviews and amazingly evocative film from three decades ago , the essence of the dogtown experience .",4,very positive,VERY POSITIVE,UNKNOWN,0.0
"the jokes are sophomoric , stereotypes are sprinkled everywhere and the acting ranges from bad to bodacious .",0,very negative,VERY NEGATIVE,UNKNOWN,0.0
this pathetic junk is barely an hour long .,0,very negative,VERY NEGATIVE,UNKNOWN,0.0
"light the candles , bring out the cake and do n't fret about the calories because there 's precious little substance in birthday girl -- it 's simply , and surprisingly , a nice , light treat .",4,very positive,VERY POSITIVE,UNKNOWN,0.0
"blue crush follows the formula , but throws in too many conflicts to keep the story compelling .",1,negative,NEGATIVE,UNKNOWN,0.0
"not only are the film 's sopranos gags incredibly dated and unfunny , they also demonstrate how desperate the makers of this ` we 're - doing-it-for - the-cash ' sequel were .",0,very negative,VERY NEGATIVE,UNKNOWN,0.0
the modern-day characters are nowhere near as vivid as the 19th-century ones .,1,negative,NEGATIVE,UNKNOWN,0.0
"in addition to gluing you to the edge of your seat , changing lanes is also a film of freshness , imagination and insight .",4,very positive,VERY POSITIVE,UNKNOWN,0.0
"while american adobo has its heart -lrb- and its palate -rrb- in the right place , its brain is a little scattered -- ditsy , even .",1,negative,NEGATIVE,UNKNOWN,0.0
a well-intentioned effort that 's still too burdened by the actor 's offbeat sensibilities for the earnest emotional core to emerge with any degree of accessibility .,1,negative,NEGATIVE,UNKNOWN,0.0
"if the last man were the last movie left on earth , there would be a toss-up between presiding over the end of cinema as we know it and another night of delightful hand shadows .",1,negative,NEGATIVE,UNKNOWN,0.0
"much has been written about those years when the psychedelic '60s grooved over into the gay '70s , but words do n't really do the era justice .",3,positive,POSITIVE,UNKNOWN,0.0
"that 's muy loco , but no more ridiculous than most of the rest of `` dragonfly . ''",1,negative,NEGATIVE,UNKNOWN,0.0
"the movie is well done , but slow .",1,negative,NEGATIVE,UNKNOWN,0.0
smaller numbered kidlets will enjoy .,3,positive,POSITIVE,UNKNOWN,0.0
"although mainstream american movies tend to exploit the familiar , every once in a while a film arrives from the margin that gives viewers a chance to learn , to grow , to travel .",3,positive,POSITIVE,UNKNOWN,0.0
a cautionary tale about the folly of superficiality that is itself endlessly superficial .,1,negative,NEGATIVE,UNKNOWN,0.0
"a slick , engrossing melodrama .",4,very positive,VERY POSITIVE,UNKNOWN,0.0
"` men in black ii creates a new threat for the mib , but recycles the same premise .",2,neutral,NEUTRAL,UNKNOWN,0.0
nicole kidman makes it a party worth attending .,4,very positive,VERY POSITIVE,UNKNOWN,0.0
"he seems to want both , but succeeds in making neither .",1,negative,NEGATIVE,UNKNOWN,0.0
"you would n't want to live waydowntown , but it is a hilarious place to visit .",3,positive,POSITIVE,UNKNOWN,0.0
"for all of its insights into the dream world of teen life , and its electronic expression through cyber culture , the film gives no quarter to anyone seeking to pull a cohesive story out of its 2 1\/2 - hour running time .",0,very negative,VERY NEGATIVE,UNKNOWN,0.0
a portrait of an artist .,2,neutral,NEUTRAL,UNKNOWN,0.0
"hart 's war seems to want to be a character study , but apparently ca n't quite decide which character .",1,negative,NEGATIVE,UNKNOWN,0.0
"that rare documentary that incorporates so much of human experience -- drama , conflict , tears and surprise -- that it transcends the normal divisions between fiction and nonfiction film .",4,very positive,VERY POSITIVE,UNKNOWN,0.0
"bogdanovich puts history in perspective and , via kirsten dunst 's remarkable performance , he showcases davies as a young woman of great charm , generosity and diplomacy .",3,positive,POSITIVE,UNKNOWN,0.0
"a stirring , funny and finally transporting re-imagining of beauty and the beast and 1930s horror films",4,very positive,VERY POSITIVE,UNKNOWN,0.0
"pure of intention and passably diverting , his secret life is light , innocuous and unremarkable .",2,neutral,NEUTRAL,UNKNOWN,0.0
you ... get a sense of good intentions derailed by a failure to seek and strike just the right tone .,1,negative,NEGATIVE,UNKNOWN,0.0
"in many ways , reminiscent of 1992 's unforgiven which also utilized the scintillating force of its actors to draw out the menace of its sparse dialogue .",2,neutral,NEUTRAL,UNKNOWN,0.0
"the direction occasionally rises to the level of marginal competence , but for most of the film it is hard to tell who is chasing who or why .",1,negative,NEGATIVE,UNKNOWN,0.0
"a tired , predictable , bordering on offensive , waste of time , money and celluloid .",0,very negative,VERY NEGATIVE,UNKNOWN,0.0
essentially `` fatal attraction '' remade for viewers who were in diapers when the original was released in 1987 .,1,negative,NEGATIVE,UNKNOWN,0.0
"the unexpected thing is that its dying , in this shower of black-and-white psychedelia , is quite beautiful .",3,positive,POSITIVE,UNKNOWN,0.0
the film is bright and flashy in all the right ways .,4,very positive,VERY POSITIVE,UNKNOWN,0.0
a rumor of angels does n't just slip -- it avalanches into forced fuzziness .,0,very negative,VERY NEGATIVE,UNKNOWN,0.0
a really funny fifteen-minute short stretched beyond its limits to fill an almost feature-length film .,2,neutral,NEUTRAL,UNKNOWN,0.0
i also believe that resident evil is not it .,1,negative,NEGATIVE,UNKNOWN,0.0
"it sticks rigidly to the paradigm , rarely permitting its characters more than two obvious dimensions and repeatedly placing them in contrived , well-worn situations .",1,negative,NEGATIVE,UNKNOWN,0.0
a backhanded ode to female camaraderie penned by a man who has little clue about either the nature of women or of friendship .,1,negative,NEGATIVE,UNKNOWN,0.0
"funny , though .",2,neutral,NEUTRAL,UNKNOWN,0.0
get out your pooper-scoopers .,0,very negative,VERY NEGATIVE,UNKNOWN,0.0
about schmidt is undoubtedly one of the finest films of the year .,4,very positive,VERY POSITIVE,UNKNOWN,0.0
a rip-roaring comedy action fest that 'll put hairs on your chest .,3,positive,POSITIVE,UNKNOWN,0.0
"it may be about drug dealers , kidnapping , and unsavory folks , but the tone and pacing are shockingly intimate .",2,neutral,NEUTRAL,UNKNOWN,0.0
"despite some comic sparks , welcome to collinwood never catches fire .",1,negative,NEGATIVE,UNKNOWN,0.0
otto-sallies has a real filmmaker 's eye .,3,positive,POSITIVE,UNKNOWN,0.0
"as self-aware movies go , who is cletis tout ?",2,neutral,NEUTRAL,UNKNOWN,0.0
"are monsters born , or made ?",2,neutral,NEUTRAL,UNKNOWN,0.0
"not only a reminder of how they used to make movies , but also how they sometimes still can be made .",3,positive,POSITIVE,UNKNOWN,0.0
would make an excellent companion piece to the similarly themed ` the french lieutenant 's woman . ',3,positive,POSITIVE,UNKNOWN,0.0
"a witty , trenchant , wildly unsentimental but flawed look at the ins and outs of modern moviemaking .",2,neutral,NEUTRAL,UNKNOWN,0.0
"steven soderbergh 's digital video experiment is a clever and cutting , quick and dirty look at modern living and movie life .",3,positive,POSITIVE,UNKNOWN,0.0
"it 's an actor 's showcase that accomplishes its primary goal without the use of special effects , but rather by emphasizing the characters -- including the supporting ones .",2,neutral,NEUTRAL,UNKNOWN,0.0
"it 's nice to see piscopo again after all these years , and chaykin and headly are priceless .",3,positive,POSITIVE,UNKNOWN,0.0
mildly entertaining .,2,neutral,NEUTRAL,UNKNOWN,0.0
a decided lack of spontaneity in its execution and a dearth of real poignancy in its epiphanies .,0,very negative,VERY NEGATIVE,UNKNOWN,0.0
"quitting , however , manages just to be depressing , as the lead actor phones in his autobiographical performance .",1,negative,NEGATIVE,UNKNOWN,0.0
i did n't find much fascination in the swinging .,1,negative,NEGATIVE,UNKNOWN,0.0
that the e-graveyard holds as many good ideas as bad is the cold comfort that chin 's film serves up with style and empathy .,3,positive,POSITIVE,UNKNOWN,0.0
the film has a childlike quality about it .,2,neutral,NEUTRAL,UNKNOWN,0.0
the solid filmmaking and convincing characters makes this a high water mark for this genre .,4,very positive,VERY POSITIVE,UNKNOWN,0.0
"as home movie gone haywire , it 's pretty enjoyable , but as sexual manifesto , i 'd rather listen to old tori amos records .",2,neutral,NEUTRAL,UNKNOWN,0.0
you may be galled that you 've wasted nearly two hours of your own precious life with this silly little puddle of a movie .,0,very negative,VERY NEGATIVE,UNKNOWN,0.0
"will undoubtedly play well in european markets , where mr. besson is a brand name , and in asia , where ms. shu is an institution , but american audiences will probably find it familiar and insufficiently cathartic .",1,negative,NEGATIVE,UNKNOWN,0.0
an almost unbearably morbid love story .,0,very negative,VERY NEGATIVE,UNKNOWN,0.0
that 's fun for kids of any age .,4,very positive,VERY POSITIVE,UNKNOWN,0.0
becomes a bit of a mishmash : a tearjerker that does n't and a thriller that wo n't .,0,very negative,VERY NEGATIVE,UNKNOWN,0.0
"the cast ... keeps this pretty watchable , and casting mick jagger as director of the escort service was inspired .",3,positive,POSITIVE,UNKNOWN,0.0
those who want to be jolted out of their gourd should drop everything and run to ichi .,3,positive,POSITIVE,UNKNOWN,0.0
it has more than a few moments that are insightful enough to be fondly remembered in the endlessly challenging maze of moviegoing .,3,positive,POSITIVE,UNKNOWN,0.0
chelsea walls is a case of too many chefs fussing over too weak a recipe .,1,negative,NEGATIVE,UNKNOWN,0.0
"this sade is hardly a perverse , dangerous libertine and agitator -- which would have made for better drama .",1,negative,NEGATIVE,UNKNOWN,0.0
"a hit - and-miss affair , consistently amusing but not as outrageous or funny as cho may have intended or as imaginative as one might have hoped .",1,negative,NEGATIVE,UNKNOWN,0.0
"the film gets close to the chimps the same way goodall did , with a serious minded patience , respect and affection .",3,positive,POSITIVE,UNKNOWN,0.0
parker can not sustain the buoyant energy level of the film 's city beginnings into its country conclusion ',1,negative,NEGATIVE,UNKNOWN,0.0
"meeting , even exceeding expectations , it 's the best sequel since the empire strikes back ... a majestic achievement , an epic of astonishing grandeur and surprising emotional depth .",4,very positive,VERY POSITIVE,UNKNOWN,0.0
"i 've never seen -lrb- a remake -rrb- do anything as stomach-turning as the way adam sandler 's new movie rapes , pillages and incinerates frank capra 's classic ...",0,very negative,VERY NEGATIVE,UNKNOWN,0.0
"rich in atmosphere of the post-war art world , it manages to instruct without reeking of research library dust .",3,positive,POSITIVE,UNKNOWN,0.0
"a little less extreme than in the past , with longer exposition sequences between them , and with fewer gags to break the tedium .",1,negative,NEGATIVE,UNKNOWN,0.0
marinated in clichés and mawkish dialogue .,0,very negative,VERY NEGATIVE,UNKNOWN,0.0
"a rip-off twice removed , modeled after -lrb- seagal 's -rrb- earlier copycat under siege , sometimes referred to as die hard on a boat .",0,very negative,VERY NEGATIVE,UNKNOWN,0.0
"it 's a very sincere work , but it would be better as a diary or documentary .",3,positive,POSITIVE,UNKNOWN,0.0
"death to smoochy tells a moldy-oldie , not-nearly - as-nasty - as-it - thinks-it-is joke .",1,negative,NEGATIVE,UNKNOWN,0.0
a fascinating documentary that provides a rounded and revealing overview of this ancient holistic healing system,4,very positive,VERY POSITIVE,UNKNOWN,0.0
"-lrb- the digital effects -rrb- reminded me of terry gilliam 's rudimentary old monty python cartoons , in which he would cut out figures from drawings and photographs and paste them together .",2,neutral,NEUTRAL,UNKNOWN,0.0
polanski has found the perfect material with which to address his own world war ii experience in his signature style .,4,very positive,VERY POSITIVE,UNKNOWN,0.0
"been there , done that ... a thousand times already , and better .",1,negative,NEGATIVE,UNKNOWN,0.0
does anyone much think the central story of brendan behan is that he was a bisexual sweetheart before he took to drink ?,2,neutral,NEUTRAL,UNKNOWN,0.0
cho 's timing is priceless .,4,very positive,VERY POSITIVE,UNKNOWN,0.0
"`` looking for leonard '' just seems to kinda sit in neutral , hoping for a stiff wind to blow it uphill or something .",1,negative,NEGATIVE,UNKNOWN,0.0
what sets ms. birot 's film apart from others in the genre is a greater attention to the parents -- and particularly the fateful fathers -- in the emotional evolution of the two bewitched adolescents .,3,positive,POSITIVE,UNKNOWN,0.0
... one resurrection too many .,1,negative,NEGATIVE,UNKNOWN,0.0
the history is fascinating ; the action is dazzling .,4,very positive,VERY POSITIVE,UNKNOWN,0.0
"with its jerky hand-held camera and documentary feel , bloody sunday is a sobering recount of a very bleak day in derry .",2,neutral,NEUTRAL,UNKNOWN,0.0
"jackson shamefully strolls through this mess with a smug grin , inexplicably wearing a kilt and carrying a bag of golf clubs over one shoulder .",1,negative,NEGATIVE,UNKNOWN,0.0
"spielberg 's picture is smarter and subtler than -lrb- total recall and blade runner -rrb- , although its plot may prove too convoluted for fun-seeking summer audiences .",3,positive,POSITIVE,UNKNOWN,0.0
the film rehashes several old themes and is capped with pointless extremes -- it 's insanely violent and very graphic .,0,very negative,VERY NEGATIVE,UNKNOWN,0.0
suffers from a flat script and a low budget .,1,negative,NEGATIVE,UNKNOWN,0.0
really dumb but occasionally really funny .,2,neutral,NEUTRAL,UNKNOWN,0.0
"funny , somber , absurd , and , finally , achingly sad , bartleby is a fine , understated piece of filmmaking .",4,very positive,VERY POSITIVE,UNKNOWN,0.0
an undistinguished attempt to make a classic theater piece cinematic .,0,very negative,VERY NEGATIVE,UNKNOWN,0.0
"overall , cletis tout is a winning comedy that excites the imagination and tickles the funny bone .",4,very positive,VERY POSITIVE,UNKNOWN,0.0
"it 's unfortunate that wallace , who wrote gibson 's braveheart as well as the recent pearl harbor , has such an irrepressible passion for sappy situations and dialogue .",1,negative,NEGATIVE,UNKNOWN,0.0
"the redeeming feature of chan 's films has always been the action , but the stunts in the tuxedo seem tired and , what 's worse , routine .",1,negative,NEGATIVE,UNKNOWN,0.0
"eccentric enough to stave off doldrums , caruso 's self-conscious debut is also eminently forgettable .",2,neutral,NEUTRAL,UNKNOWN,0.0
gone are the flamboyant mannerisms that are the trademark of several of his performances .,2,neutral,NEUTRAL,UNKNOWN,0.0
"there is a freedom to watching stunts that are this crude , this fast-paced and this insane .",3,positive,POSITIVE,UNKNOWN,0.0
most of the characters come off as pantomimesque sterotypes .,2,neutral,NEUTRAL,UNKNOWN,0.0
the casting of raymond j. barry as the ` assassin ' greatly enhances the quality of neil burger 's impressive fake documentary .,3,positive,POSITIVE,UNKNOWN,0.0
"if the plot seems a bit on the skinny side , that 's because panic room is interested in nothing more than sucking you in ... and making you sweat .",3,positive,POSITIVE,UNKNOWN,0.0
generates an enormous feeling of empathy for its characters .,3,positive,POSITIVE,UNKNOWN,0.0
one just waits grimly for the next shock without developing much attachment to the characters .,2,neutral,NEUTRAL,UNKNOWN,0.0
over and over again .,1,negative,NEGATIVE,UNKNOWN,0.0
campanella gets the tone just right -- funny in the middle of sad in the middle of hopeful .,3,positive,POSITIVE,UNKNOWN,0.0
igby goes down is one of those movies .,2,neutral,NEUTRAL,UNKNOWN,0.0
nicholson 's understated performance is wonderful .,4,very positive,VERY POSITIVE,UNKNOWN,0.0
"at its worst , the movie is pretty diverting ; the pity is that it rarely achieves its best .",2,neutral,NEUTRAL,UNKNOWN,0.0
"a sham construct based on theory , sleight-of-hand , and ill-wrought hypothesis .",1,negative,NEGATIVE,UNKNOWN,0.0
isabelle huppert excels as the enigmatic mika and anna mouglalis is a stunning new young talent in one of chabrol 's most intense psychological mysteries .,4,very positive,VERY POSITIVE,UNKNOWN,0.0
"any chekhov is better than no chekhov , but it would be a shame if this was your introduction to one of the greatest plays of the last 100 years .",2,neutral,NEUTRAL,UNKNOWN,0.0
"return to never land is reliable , standard disney animated fare , with enough creative energy and wit to entertain all ages .",4,very positive,VERY POSITIVE,UNKNOWN,0.0
the gentle comic treatment of adolescent sturm und drang should please fans of chris fuhrman 's posthumously published cult novel .,3,positive,POSITIVE,UNKNOWN,0.0
exactly what you 'd expect from a guy named kaos .,2,neutral,NEUTRAL,UNKNOWN,0.0
the dragons are the real stars of reign of fire and you wo n't be disappointed .,3,positive,POSITIVE,UNKNOWN,0.0
displays the potential for a better movie than what bailly manages to deliver,2,neutral,NEUTRAL,UNKNOWN,0.0
"the low-key direction is pleasingly emphatic in this properly intense , claustrophobic tale of obsessive love .",3,positive,POSITIVE,UNKNOWN,0.0
it 's mostly a pleasure to watch .,3,positive,POSITIVE,UNKNOWN,0.0
too bad .,1,negative,NEGATIVE,UNKNOWN,0.0
"like most of jaglom 's films , some of it is honestly affecting , but more of it seems contrived and secondhand .",1,negative,NEGATIVE,UNKNOWN,0.0
a fun ride .,3,positive,POSITIVE,UNKNOWN,0.0
kinnear 's performance is a career-defining revelation .,4,very positive,VERY POSITIVE,UNKNOWN,0.0
allen 's funniest and most likeable movie in years .,4,very positive,VERY POSITIVE,UNKNOWN,0.0
delirious fun .,4,very positive,VERY POSITIVE,UNKNOWN,0.0
"this is a gorgeous film - vivid with color , music and life .",4,very positive,VERY POSITIVE,UNKNOWN,0.0
the plot plummets into a comedy graveyard before janice comes racing to the rescue in the final reel .,2,neutral,NEUTRAL,UNKNOWN,0.0
you live the mood rather than savour the story .,3,positive,POSITIVE,UNKNOWN,0.0
the director seems to take an unseemly pleasure in -lrb- the characters ' -rrb- misery and at the same time to congratulate himself for having the guts to confront it .,1,negative,NEGATIVE,UNKNOWN,0.0
"clockstoppers is one of those crazy , mixed-up films that does n't know what it wants to be when it grows up .",1,negative,NEGATIVE,UNKNOWN,0.0
"if disney 's cinderella proved that ' a dream is a wish your heart makes , ' then cinderella ii proves that a nightmare is a wish a studio 's wallet makes .",1,negative,NEGATIVE,UNKNOWN,0.0
rodriguez ... was unable to reproduce the special spark between the characters that made the first film such a delight .,2,neutral,NEUTRAL,UNKNOWN,0.0
post 9\/11 the philosophical message of `` personal freedom first '' might not be as palatable as intended .,2,neutral,NEUTRAL,UNKNOWN,0.0
lurid and less than lucid work .,1,negative,NEGATIVE,UNKNOWN,0.0
"not once in the rush to save the day did i become very involved in the proceedings ; to me , it was just a matter of ` eh . '",1,negative,NEGATIVE,UNKNOWN,0.0
"oh , look at that clever angle !",3,positive,POSITIVE,UNKNOWN,0.0
a bit too derivative to stand on its own as the psychological thriller it purports to be .,2,neutral,NEUTRAL,UNKNOWN,0.0
"this is a stunning film , a one-of-a-kind tour de force .",4,very positive,VERY POSITIVE,UNKNOWN,0.0
"those prone to indignation need not apply ; those susceptible to blue hilarity , step right up .",3,positive,POSITIVE,UNKNOWN,0.0
... its solemn pretension prevents us from sharing the awe in which it holds itself .,1,negative,NEGATIVE,UNKNOWN,0.0
and that should tell you everything you need to know about all the queen 's men .,2,neutral,NEUTRAL,UNKNOWN,0.0
it 's worth taking the kids to .,4,very positive,VERY POSITIVE,UNKNOWN,0.0
"if the tuxedo actually were a suit , it would fit chan like a $ 99 bargain-basement special .",1,negative,NEGATIVE,UNKNOWN,0.0
the characters are more deeply thought through than in most ` right-thinking ' films .,3,positive,POSITIVE,UNKNOWN,0.0
"this is a very ambitious project for a fairly inexperienced filmmaker , but good actors , good poetry and good music help sustain it .",3,positive,POSITIVE,UNKNOWN,0.0
a reworking of die hard and cliffhanger but it 's nowhere near as exciting as either .,1,negative,NEGATIVE,UNKNOWN,0.0
one of the best looking and stylish animated movies in quite a while ...,4,very positive,VERY POSITIVE,UNKNOWN,0.0
"enough said , except : film overboard !",0,very negative,VERY NEGATIVE,UNKNOWN,0.0
one of those terrific documentaries that collect a bunch of people who are enthusiastic about something and then figures out how to make us share their enthusiasm .,4,very positive,VERY POSITIVE,UNKNOWN,0.0
"mckay shows crushingly little curiosity about , or is ill-equipped to examine , the interior lives of the characters in his film , much less incorporate them into his narrative .",0,very negative,VERY NEGATIVE,UNKNOWN,0.0
i prefer to think of it as `` pootie tang with a budget . '',2,neutral,NEUTRAL,UNKNOWN,0.0
"collateral damage is trash , but it earns extra points by acting as if it were n't .",0,very negative,VERY NEGATIVE,UNKNOWN,0.0
"plods along , minus the twisted humor and eye-popping visuals that have made miike ... a cult hero .",2,neutral,NEUTRAL,UNKNOWN,0.0
clare peploe 's airless movie adaptation could use a little american pie-like irreverence .,1,negative,NEGATIVE,UNKNOWN,0.0
"never again , while nothing special , is pleasant , diverting and modest -- definitely a step in the right direction .",3,positive,POSITIVE,UNKNOWN,0.0
"-lrb- the kid 's -rrb- just too bratty for sympathy , and as the film grows to its finale , his little changes ring hollow .",1,negative,NEGATIVE,UNKNOWN,0.0
"the three leads produce adequate performances , but what 's missing from this material is any depth of feeling .",0,very negative,VERY NEGATIVE,UNKNOWN,0.0
"hey everybody , wanna watch a movie in which a guy dressed as a children 's party clown gets violently gang-raped ?",0,very negative,VERY NEGATIVE,UNKNOWN,0.0
"it 's simply stupid , irrelevant and deeply , truly , bottomlessly cynical .",0,very negative,VERY NEGATIVE,UNKNOWN,0.0
"the connected stories of breitbart and hanussen are actually fascinating , but the filmmaking in invincible is such that the movie does not do them justice .",1,negative,NEGATIVE,UNKNOWN,0.0
"the movie is a negligible work of manipulation , an exploitation piece doing its usual worst to guilt-trip parents .",1,negative,NEGATIVE,UNKNOWN,0.0
an intriguing look at the french film industry during the german occupation ; its most delightful moments come when various characters express their quirky inner selves .,3,positive,POSITIVE,UNKNOWN,0.0
baby-faced renner is eerily convincing as this bland blank of a man with unimaginable demons within .,3,positive,POSITIVE,UNKNOWN,0.0
"jackson tries to keep the plates spinning as best he can , but all the bouncing back and forth ca n't help but become a bit tedious -- even with the breathtaking landscapes and villainous varmints there to distract you from the ricocheting .",2,neutral,NEUTRAL,UNKNOWN,0.0
bad movie .,0,very negative,VERY NEGATIVE,UNKNOWN,0.0
an infuriating film .,0,very negative,VERY NEGATIVE,UNKNOWN,0.0
"largely , this is a movie that also does it by the numbers .",2,neutral,NEUTRAL,UNKNOWN,0.0
a compelling film .,4,very positive,VERY POSITIVE,UNKNOWN,0.0
"it might be ` easier ' to watch on video at home , but that should n't stop die-hard french film connoisseurs from going out and enjoying the big-screen experience .",3,positive,POSITIVE,UNKNOWN,0.0
never comes together as a coherent whole .,1,negative,NEGATIVE,UNKNOWN,0.0
amazingly lame .,0,very negative,VERY NEGATIVE,UNKNOWN,0.0
"a taut , sobering film .",4,very positive,VERY POSITIVE,UNKNOWN,0.0
perhaps the best sports movie i 've ever seen .,4,very positive,VERY POSITIVE,UNKNOWN,0.0
"there 's a neat twist , subtly rendered , that could have wrapped things up at 80 minutes , but kang tacks on three or four more endings .",2,neutral,NEUTRAL,UNKNOWN,0.0
"the movie worked for me right up to the final scene , and then it caved in .",2,neutral,NEUTRAL,UNKNOWN,0.0
might be one of those vanity projects in which a renowned filmmaker attempts to show off his talent by surrounding himself with untalented people .,2,neutral,NEUTRAL,UNKNOWN,0.0
"methodical , measured , and gently tedious in its comedy , secret ballot is a purposefully reductive movie -- which may be why it 's so successful at lodging itself in the brain .",4,very positive,VERY POSITIVE,UNKNOWN,0.0
"... feels as if -lrb- there 's -rrb- a choke leash around your neck so director nick cassavetes can give it a good , hard yank whenever he wants you to feel something .",0,very negative,VERY NEGATIVE,UNKNOWN,0.0
only at the prospect of beck 's next project .,2,neutral,NEUTRAL,UNKNOWN,0.0
offers a clear-eyed chronicle of a female friendship that is more complex and honest than anything represented in a hollywood film .,4,very positive,VERY POSITIVE,UNKNOWN,0.0
apparently reassembled from the cutting-room floor of any given daytime soap .,1,negative,NEGATIVE,UNKNOWN,0.0
the name says it all .,2,neutral,NEUTRAL,UNKNOWN,0.0
"a rollicking ride , with jaw-dropping action sequences , striking villains , a gorgeous color palette , astounding technology , stirring music and a boffo last hour that leads up to a strangely sinister happy ending .",4,very positive,VERY POSITIVE,UNKNOWN,0.0
"many of the effective horror elements are dampened through familiarity , -lrb- yet -rrb- are worthwhile .",2,neutral,NEUTRAL,UNKNOWN,0.0
sayles ... once again strands his superb performers in the same old story .,1,negative,NEGATIVE,UNKNOWN,0.0
it 's pauly shore awful .,0,very negative,VERY NEGATIVE,UNKNOWN,0.0
"i had more fun with ben stiller 's zoolander , which i thought was rather clever .",2,neutral,NEUTRAL,UNKNOWN,0.0
he may have meant the internet short saving ryan 's privates .,2,neutral,NEUTRAL,UNKNOWN,0.0
what ultimately makes windtalkers a disappointment is the superficial way it deals with its story .,0,very negative,VERY NEGATIVE,UNKNOWN,0.0
it 's not a motion picture ; it 's an utterly static picture .,0,very negative,VERY NEGATIVE,UNKNOWN,0.0
"yes , i suppose it 's lovely that cal works out his issues with his dad and comes to terms with his picture-perfect life -- but world traveler gave me no reason to care , so i did n't .",0,very negative,VERY NEGATIVE,UNKNOWN,0.0
ali 's graduation from little screen to big is far less painful than his opening scene encounter with an over-amorous terrier .,2,neutral,NEUTRAL,UNKNOWN,0.0
there 's something to be said for a studio-produced film that never bothers to hand viewers a suitcase full of easy answers .,3,positive,POSITIVE,UNKNOWN,0.0
the entire movie is filled with deja vu moments .,2,neutral,NEUTRAL,UNKNOWN,0.0
the world needs more filmmakers with passionate enthusiasms like martin scorsese .,4,very positive,VERY POSITIVE,UNKNOWN,0.0
"this is a fragmented film , once a good idea that was followed by the bad idea to turn it into a movie .",0,very negative,VERY NEGATIVE,UNKNOWN,0.0
"uplifting as only a document of the worst possibilities of mankind can be , and among the best films of the year .",4,very positive,VERY POSITIVE,UNKNOWN,0.0
"it never is , not fully .",2,neutral,NEUTRAL,UNKNOWN,0.0
"if the movie were all comedy , it might work better .",2,neutral,NEUTRAL,UNKNOWN,0.0
"a passable romantic comedy , in need of another couple of passes through the word processor .",2,neutral,NEUTRAL,UNKNOWN,0.0
translation : ` we do n't need to try very hard . ',1,negative,NEGATIVE,UNKNOWN,0.0
"mr. deeds is , as comedy goes , very silly -- and in the best way .",4,very positive,VERY POSITIVE,UNKNOWN,0.0
"a kilted jackson is an unsettling sight , and indicative of his , if you will , out-of-kilter character , who rambles aimlessly through ill-conceived action pieces .",1,negative,NEGATIVE,UNKNOWN,0.0
"once one experiences mr. haneke 's own sadistic tendencies toward his audience , one is left with a sour taste in one 's mouth , and little else .",0,very negative,VERY NEGATIVE,UNKNOWN,0.0
and that is where ararat went astray .,1,negative,NEGATIVE,UNKNOWN,0.0
the drama discloses almost nothing .,1,negative,NEGATIVE,UNKNOWN,0.0
top-notch action powers this romantic drama .,4,very positive,VERY POSITIVE,UNKNOWN,0.0
the irwins ' scenes are fascinating ; the movie as a whole is cheap junk and an insult to their death-defying efforts .,0,very negative,VERY NEGATIVE,UNKNOWN,0.0
criminal conspiracies and true romances move so easily across racial and cultural lines in the film that it makes my big fat greek wedding look like an apartheid drama .,3,positive,POSITIVE,UNKNOWN,0.0
woody allen can write and deliver a one liner as well as anybody .,4,very positive,VERY POSITIVE,UNKNOWN,0.0
what might have been acceptable on the printed page of iles ' book does not translate well to the screen .,0,very negative,VERY NEGATIVE,UNKNOWN,0.0
"this is a visually stunning rumination on love , memory , history and the war between art and commerce .",3,positive,POSITIVE,UNKNOWN,0.0
"no , i hate it .",0,very negative,VERY NEGATIVE,UNKNOWN,0.0
"why , you may ask , why should you buy the movie milk when the tv cow is free ?",1,negative,NEGATIVE,UNKNOWN,0.0
"no french people were harmed during the making of this movie , but they were insulted and the audience was put through torture for an hour and a half .",0,very negative,VERY NEGATIVE,UNKNOWN,0.0
-lrb- reno -rrb- delivers a monologue that manages to incorporate both the horror and the absurdity of the situation in a well-balanced fashion .,3,positive,POSITIVE,UNKNOWN,0.0
"a brisk , reverent , and subtly different sequel .",4,very positive,VERY POSITIVE,UNKNOWN,0.0
"as quiet , patient and tenacious as mr. lopez himself , who approaches his difficult , endless work with remarkable serenity and discipline .",4,very positive,VERY POSITIVE,UNKNOWN,0.0
the movie plays up the cartoon 's more obvious strength of snazziness while neglecting its less conspicuous writing strength .,2,neutral,NEUTRAL,UNKNOWN,0.0
a crisply made movie that is no more than mildly amusing .,2,neutral,NEUTRAL,UNKNOWN,0.0
"every moment crackles with tension , and by the end of the flick , you 're on the edge of your seat .",4,very positive,VERY POSITIVE,UNKNOWN,0.0
an hour and a half of joyful solo performance .,4,very positive,VERY POSITIVE,UNKNOWN,0.0
"a moving tale of love and destruction in unexpected places , unexamined lives .",3,positive,POSITIVE,UNKNOWN,0.0
that the chuck norris `` grenade gag '' occurs about 7 times during windtalkers is a good indication of how serious-minded the film is .,2,neutral,NEUTRAL,UNKNOWN,0.0
"what with the incessant lounge music playing in the film 's background , you may mistake love liza for an adam sandler chanukah song .",2,neutral,NEUTRAL,UNKNOWN,0.0
"with a confrontational stance , todd solondz takes aim on political correctness and suburban families .",2,neutral,NEUTRAL,UNKNOWN,0.0
"sometimes entertaining , sometimes indulgent -- but never less than pure wankery .",2,neutral,NEUTRAL,UNKNOWN,0.0
"this is an exercise in chilling style , and twohy films the sub , inside and out , with an eye on preserving a sense of mystery .",4,very positive,VERY POSITIVE,UNKNOWN,0.0
"you see robin williams and psycho killer , and you think , hmmmmm .",2,neutral,NEUTRAL,UNKNOWN,0.0
"an enormously entertaining movie , like nothing we 've ever seen before , and yet completely familiar .",4,very positive,VERY POSITIVE,UNKNOWN,0.0
"at least it 's a fairly impressive debut from the director , charles stone iii .",4,very positive,VERY POSITIVE,UNKNOWN,0.0
a lyrical metaphor for cultural and personal self-discovery and a picaresque view of a little-remembered world .,3,positive,POSITIVE,UNKNOWN,0.0
"for a long time the film succeeds with its dark , delicate treatment of these characters and its unerring respect for them .",3,positive,POSITIVE,UNKNOWN,0.0
"maid in manhattan might not look so appealing on third or fourth viewing down the road ... but as a high concept vehicle for two bright stars of the moment who can rise to fans ' lofty expectations , the movie passes inspection .",2,neutral,NEUTRAL,UNKNOWN,0.0
"um , no. .",2,neutral,NEUTRAL,UNKNOWN,0.0
"unfortunately , there is almost nothing in this flat effort that will amuse or entertain them , either .",1,negative,NEGATIVE,UNKNOWN,0.0
"a woefully dull , redundant concept that bears more than a whiff of exploitation , despite iwai 's vaunted empathy .",0,very negative,VERY NEGATIVE,UNKNOWN,0.0
"a perfectly acceptable , perfectly bland , competently acted but by no means scary horror movie .",2,neutral,NEUTRAL,UNKNOWN,0.0
"béart and berling are both superb , while huppert ... is magnificent .",4,very positive,VERY POSITIVE,UNKNOWN,0.0
"if damon and affleck attempt another project greenlight , next time out they might try paying less attention to the miniseries and more attention to the film it is about .",1,negative,NEGATIVE,UNKNOWN,0.0
` what 's the russian word for wow !? ',3,positive,POSITIVE,UNKNOWN,0.0
"jones helps breathe some life into the insubstantial plot , but even he is overwhelmed by predictability .",2,neutral,NEUTRAL,UNKNOWN,0.0
the most repugnant adaptation of a classic text since roland joffé and demi moore 's the scarlet letter .,1,negative,NEGATIVE,UNKNOWN,0.0
"soulless and -- even more damning -- virtually joyless , xxx achieves near virtuosity in its crapulence .",0,very negative,VERY NEGATIVE,UNKNOWN,0.0
"-lrb- `` safe conduct '' -rrb- is a long movie at 163 minutes but it fills the time with drama , romance , tragedy , bravery , political intrigue , partisans and sabotage .",3,positive,POSITIVE,UNKNOWN,0.0
lacks the inspiration of the original and has a bloated plot that stretches the running time about 10 minutes past a child 's interest and an adult 's patience .,0,very negative,VERY NEGATIVE,UNKNOWN,0.0
"with an admirably dark first script by brent hanley , paxton , making his directorial feature debut , does strong , measured work .",4,very positive,VERY POSITIVE,UNKNOWN,0.0
"with a cast of a-list brit actors , it is worth searching out .",4,very positive,VERY POSITIVE,UNKNOWN,0.0
"i did go back and check out the last 10 minutes , but these were more repulsive than the first 30 or 40 minutes .",0,very negative,VERY NEGATIVE,UNKNOWN,0.0
nolan proves that he can cross swords with the best of them and helm a more traditionally plotted popcorn thriller while surrendering little of his intellectual rigor or creative composure .,4,very positive,VERY POSITIVE,UNKNOWN,0.0
there 's not a comedic moment in this romantic comedy .,0,very negative,VERY NEGATIVE,UNKNOWN,0.0
"analyze that regurgitates and waters down many of the previous film 's successes , with a few new swings thrown in .",2,neutral,NEUTRAL,UNKNOWN,0.0
nothing about this movie works .,0,very negative,VERY NEGATIVE,UNKNOWN,0.0
"the members manage to pronounce kok exactly as you think they might , thus giving the cast ample opportunity to use that term as often as possible .",2,neutral,NEUTRAL,UNKNOWN,0.0
the film is one of the year 's best .,4,very positive,VERY POSITIVE,UNKNOWN,0.0
caine makes us watch as his character awakens to the notion that to be human is eventually to have to choose .,3,positive,POSITIVE,UNKNOWN,0.0
"in other words , it 's badder than bad .",0,very negative,VERY NEGATIVE,UNKNOWN,0.0
vincent gallo is right at home in this french shocker playing his usual bad boy weirdo role .,3,positive,POSITIVE,UNKNOWN,0.0
fun and nimble .,4,very positive,VERY POSITIVE,UNKNOWN,0.0
"seagal ran out of movies years ago , and this is just the proof .",0,very negative,VERY NEGATIVE,UNKNOWN,0.0
"the re-release of ron howard 's apollo 13 in the imax format proves absolutely that really , really , really good things can come in enormous packages .",3,positive,POSITIVE,UNKNOWN,0.0
most folks with a real stake in the american sexual landscape will find it either moderately amusing or just plain irrelevant .,2,neutral,NEUTRAL,UNKNOWN,0.0
frank mcklusky c.i. is that movie !,2,neutral,NEUTRAL,UNKNOWN,0.0
the most surprising thing about this film is that they are actually releasing it into theaters .,0,very negative,VERY NEGATIVE,UNKNOWN,0.0
it 's not too fast and not too slow .,3,positive,POSITIVE,UNKNOWN,0.0
makes 98 minutes feel like three hours .,0,very negative,VERY NEGATIVE,UNKNOWN,0.0
drumline ably captures the complicated relationships in a marching band .,3,positive,POSITIVE,UNKNOWN,0.0
"ice age is the first computer-generated feature cartoon to feel like other movies , and that makes for some glacial pacing early on .",2,neutral,NEUTRAL,UNKNOWN,0.0
... may work as an addictive guilty pleasure but the material never overcomes its questionable satirical ambivalence .,1,negative,NEGATIVE,UNKNOWN,0.0
"the filmmakers know how to please the eye , but it is not always the prettiest pictures that tell the best story .",3,positive,POSITIVE,UNKNOWN,0.0
a visual spectacle full of stunning images and effects .,4,very positive,VERY POSITIVE,UNKNOWN,0.0
why ?,1,negative,NEGATIVE,UNKNOWN,0.0
the santa clause 2 proves itself a more streamlined and thought out encounter than the original could ever have hoped to be .,3,positive,POSITIVE,UNKNOWN,0.0
woody allen has really found his groove these days .,4,very positive,VERY POSITIVE,UNKNOWN,0.0
"dense , exhilarating documentary .",3,positive,POSITIVE,UNKNOWN,0.0
and a very rainy day .,2,neutral,NEUTRAL,UNKNOWN,0.0
"while the story is better-focused than the incomprehensible anne rice novel it 's based upon , queen of the damned is a pointless , meandering celebration of the goth-vampire , tortured woe-is-me lifestyle .",0,very negative,VERY NEGATIVE,UNKNOWN,0.0
schrader examines crane 's decline with unblinking candor .,3,positive,POSITIVE,UNKNOWN,0.0
"in the end , the movie bogs down in insignificance , saying nothing about kennedy 's assassination and revealing nothing about the pathology it pretends to investigate .",0,very negative,VERY NEGATIVE,UNKNOWN,0.0
"the entire cast is first-rate , especially sorvino .",4,very positive,VERY POSITIVE,UNKNOWN,0.0
"there 's some outrageously creative action in the transporter ... -lrb- b -rrb- ut by the time frank parachutes down onto a moving truck , it 's just another cartoon with an unstoppable superman .",1,negative,NEGATIVE,UNKNOWN,0.0
a captivating and intimate study about dying and loving ...,4,very positive,VERY POSITIVE,UNKNOWN,0.0
a collage of clichés and a dim echo of allusions to other films .,1,negative,NEGATIVE,UNKNOWN,0.0
"as the movie traces mr. brown 's athletic exploits , it is impossible not to be awed by the power and grace of one of the greatest natural sportsmen of modern times .",4,very positive,VERY POSITIVE,UNKNOWN,0.0
about one in three gags in white 's intermittently wise script hits its mark ; the rest are padding unashamedly appropriated from the teen-exploitation playbook .,1,negative,NEGATIVE,UNKNOWN,0.0
"i 'm convinced i could keep a family of five blind , crippled , amish people alive in this situation better than these british soldiers do at keeping themselves kicking .",1,negative,NEGATIVE,UNKNOWN,0.0
it 's always disappointing when a documentary fails to live up to -- or offer any new insight into -- its chosen topic .,0,very negative,VERY NEGATIVE,UNKNOWN,0.0
it 's probably not easy to make such a worthless film ...,0,very negative,VERY NEGATIVE,UNKNOWN,0.0
"by turns fanciful , grisly and engagingly quixotic .",3,positive,POSITIVE,UNKNOWN,0.0
"same song , second verse , coulda been better , but it coulda been worse .",2,neutral,NEUTRAL,UNKNOWN,0.0
the armenian genocide deserves a more engaged and honest treatment .,2,neutral,NEUTRAL,UNKNOWN,0.0
"every now and again , a movie comes along to remind us of how very bad a motion picture can truly be .",0,very negative,VERY NEGATIVE,UNKNOWN,0.0
"some body is a shaky , uncertain film that nevertheless touches a few raw nerves .",3,positive,POSITIVE,UNKNOWN,0.0
"it 's a wise and powerful tale of race and culture forcefully told , with superb performances throughout .",4,very positive,VERY POSITIVE,UNKNOWN,0.0
the script has less spice than a rat burger and the rock 's fighting skills are more in line with steven seagal .,1,negative,NEGATIVE,UNKNOWN,0.0
"seeing seinfeld at home as he watches his own appearance on letterman with a clinical eye reminds you that the key to stand-up is to always make it look easy , even though the reality is anything but .",2,neutral,NEUTRAL,UNKNOWN,0.0
"the bai brothers have taken an small slice of history and opened it up for all of us to understand , and they 've told a nice little story in the process .",4,very positive,VERY POSITIVE,UNKNOWN,0.0
"the screenplay by james eric , james horton and director peter o'fallon ... is so pat it makes your teeth hurt .",1,negative,NEGATIVE,UNKNOWN,0.0
this masterfully calibrated psychological thriller thrives on its taut performances and creepy atmosphere even if the screenplay falls somewhat short .,3,positive,POSITIVE,UNKNOWN,0.0
but not a whit more .,2,neutral,NEUTRAL,UNKNOWN,0.0
superbly photographed and staged by mendes with a series of riveting set pieces the likes of which mainstream audiences have rarely seen .,4,very positive,VERY POSITIVE,UNKNOWN,0.0
the kind of primal storytelling that george lucas can only dream of .,3,positive,POSITIVE,UNKNOWN,0.0
consider this review life-affirming .,2,neutral,NEUTRAL,UNKNOWN,0.0
an edgy thriller that delivers a surprising punch .,3,positive,POSITIVE,UNKNOWN,0.0
"scherfig , who has had a successful career in tv , tackles more than she can handle .",1,negative,NEGATIVE,UNKNOWN,0.0
the trappings of i spy are so familiar you might as well be watching a rerun .,1,negative,NEGATIVE,UNKNOWN,0.0
the modern-day royals have nothing on these guys when it comes to scandals .,1,negative,NEGATIVE,UNKNOWN,0.0
the premise of jason x is silly but strangely believable .,3,positive,POSITIVE,UNKNOWN,0.0
"an inept , tedious spoof of '70s kung fu pictures , it contains almost enough chuckles for a three-minute sketch , and no more .",0,very negative,VERY NEGATIVE,UNKNOWN,0.0
cho 's latest comic set is n't as sharp or as fresh as i 'm the one that i want ... but it 's still damn funny stuff .,3,positive,POSITIVE,UNKNOWN,0.0
this franchise has not spawned a single good film .,0,very negative,VERY NEGATIVE,UNKNOWN,0.0
"it makes compelling , provocative and prescient viewing .",4,very positive,VERY POSITIVE,UNKNOWN,0.0
"ou 've got to love a disney pic with as little cleavage as this one has , and a heroine as feisty and principled as jane .",3,positive,POSITIVE,UNKNOWN,0.0
"here polanski looks back on those places he saw at childhood , and captures them by freeing them from artefact , and by showing them heartbreakingly drably .",2,neutral,NEUTRAL,UNKNOWN,0.0
if you 're a fan of the series you 'll love it and probably want to see it twice .,4,very positive,VERY POSITIVE,UNKNOWN,0.0
"more successful at relating history than in creating an emotionally complex , dramatically satisfying heroine",1,negative,NEGATIVE,UNKNOWN,0.0
"spinning a web of dazzling entertainment may be overstating it , but `` spider-man '' certainly delivers the goods .",4,very positive,VERY POSITIVE,UNKNOWN,0.0
"sunk by way too much indulgence of scene-chewing , teeth-gnashing actorliness .",0,very negative,VERY NEGATIVE,UNKNOWN,0.0
"it plods along methodically , somehow under the assumption that its `` dead wife communicating from beyond the grave '' framework is even remotely new or interesting .",1,negative,NEGATIVE,UNKNOWN,0.0
there 's nothing to gain from watching they .,0,very negative,VERY NEGATIVE,UNKNOWN,0.0
"for something as splendid-looking as this particular film , the viewer expects something special but instead gets -lrb- sci-fi -rrb- rehash .",1,negative,NEGATIVE,UNKNOWN,0.0
"shanghai ghetto should be applauded for finding a new angle on a tireless story , but you might want to think twice before booking passage .",2,neutral,NEUTRAL,UNKNOWN,0.0
it may ... work as a jaunt down memory lane for teens and young adults who grew up on televised scooby-doo shows or reruns .,3,positive,POSITIVE,UNKNOWN,0.0
the imax screen enhances the personal touch of manual animation .,4,very positive,VERY POSITIVE,UNKNOWN,0.0
a fan film that for the uninitiated plays better on video with the sound turned down .,1,negative,NEGATIVE,UNKNOWN,0.0
